{
    "loss": 0.7316896319389343,
    "accuracy": 0.5142857432365417
}