{
    "loss": 1.1273744106292725,
    "accuracy": 0.5142857432365417
}